ID,Nombre,Apellido
101,Lucía,García
102,Juan,Pérez
103,Marta,Ruiz
104,Carlos,Ortega
105,Elena,Martínez
106,Alberto,Silva
107,Paula,Medina
108,David,Alonso
109,Laura,Herrera
110,Javier,Ramos
111,Sara,Ortega
112,Diego,Serrano
113,Carmen,Delgado
114,Mario,Santos
115,Noelia,Cano
116,Raúl,Iglesias
117,Patricia,Castro
118,Sergio,Vega
119,Cristina,León
120,Hugo,Reyes
121,Natalia,Navarro
122,Rubén,Jiménez
123,Andrea,Molina
124,Iván,Aguilar
125,Sonia,Domínguez
126,Manuel,Martínez
127,Alicia,Guerrero
128,Pablo,Blanco
129,Rocío,Cruz
130,Adrián,Romero
131,Beatriz,Castillo
132,Gonzalo,Sanz
133,Marina,Martín
134,Alejandro,Alonso
135,Clara,Ortega
136,Felix,Venegas
137,Alejandro,Vallin
